Workbook

Sheet TH-TV
B2: TỔNG HỢP DỰ TOÁN CHI PHÍ TƯ VẤN
B3: HẠNG MỤC 1 VÀ 2: KHẢO SÁT VÀ CẬP NHẬT QUY TRÌNH QLDA VICEM HÀ TIÊN — CIC TƯ VẤN
F4: Đơn vị: Việt Nam Đồng
B5: TT | C5: Thành phần chi phí | D5: Diễn giải | E5: Ký hiệu | F5: Giá trị | G5: Ghi chú
B6: 1 | C6: Chi phí nhân công | E6: Ccg | F6: ='NC-TV'!F10 -> 2.0538462e+08 | G6: Bảng 1
B7: 2 | C7: Chi phí quản lý | D7: 55% × Ccg | E7: Cql | F7: =0.55*F6 -> 1.1296154e+08
B8: 3 | C8: Chi phí khác | E8: Ck | F8: =CPK!E8 -> 38306667 | G8: Bảng số 4
B9: 4 | C9: Thu nhập chịu thuế tính trước | D9: 6% × (Ccg+Cql) | E9: TN | F9: =6%*(F6+F7) -> 19100769
B10: 5 | C10: Thuế giá trị gia tăng | D10: 8% × (Ccg+Cql+TN+Ck) | E10: VAT | F10: =(F6+F7+F8+F9)*8% -> 30060287
C11: Tổng giá trị sau thuế | D11: Ccg+Cql+TN+Ck+VAT | E11: Gst | F11: =SUM(F6:F10) -> 4.0581388e+08
C12: Làm tròn | F12: =ROUNDDOWN(F11,-5) -> 405800000
B13: *Ghi chú:
B14: 1. Chi phí nhân công: tham khảo mức tiền lương theo Thông tư 004/2025/TT-BNV ngày 07/5/2025 của Bộ Nội vụ.
B15: 2. Chi phí quản lý: căn cứ Thông tư 11/2021/TT-BXD ngày 31/8/2021 của Bộ Xây dựng.
B16: 3. Thu nhập chịu thuế tính trước và thuế GTGT: căn cứ Thông tư 11/2021/TT-BXD ngày 31/8/2021 của Bộ Xây dựng.

Sheet NC-TV
B2: BẢNG 1: CHI PHÍ NHÂN CÔNG
B3: HẠNG MỤC 1 VÀ 2: KHẢO SÁT VÀ CẬP NHẬT QUY TRÌNH QLDA VICEM HÀ TIÊN — CIC TƯ VẤN
E4: Đơn vị: Việt Nam đồng
B5: TT | C5: Phần việc thực hiện | D5: Số công | E5: Đơn giá tiền lương | F5: Thành tiền
B6: (1) | C6: (2) | D6: (3) | E6: (4) | F6: (5) = (3) × (4)
B7: 1 | C7: Chuyên gia tư vấn cao cấp QLDA (Trưởng nhóm) Chuyên gia nhóm I | D7: ='NC-CT-TV'!E20 -> 35 | E7: =Lương!G7 -> 2307692.3 | F7: =D7*E7 -> 80769231
B8: 2 | C8: Chuyên gia quy trình và pháp lý xây dựng (Chuyên gia QLDA) Chuyên gia nhóm II | D8: ='NC-CT-TV'!H20 -> 64 | E8: =Lương!G8 -> 1538461.5 | F8: =D8*E8 -> 98461538
B9: 3 | C9: Chuyên viên soạn thảo và hỗ trợ kỹ thuật Chuyên gia nhóm IV | D9: ='NC-CT-TV'!K20 -> 34 | E9: =Lương!G9 -> 769230.77 | F9: =D9*E9 -> 26153846
B10: Tổng chi phí nhân công Total of labor costs | F10: =SUM(F7:F9) -> 2.0538462e+08
B11: *Ghi chú:
B12: 1. Đơn giá tiền lương xem Bảng 3: Bảng phân tích chi tiết tiền lương.
B13: 2. Chi phí nhân công: tham khảo mức tiền lương theo Thông tư 004/2025/TT-BNV ngày 07/5/2025 của Bộ Nội vụ.

Sheet NC-CT-TV
B2: BẢNG 2: CHI PHÍ NHÂN CÔNG CHI TIẾT
B3: HẠNG MỤC 1 VÀ 2: KHẢO SÁT VÀ CẬP NHẬT QUY TRÌNH QLDA VICEM HÀ TIÊN — CIC TƯ VẤN
B5: TT | C5: Hạng mục công việc | D5: Sản phẩm / Kết quả bàn giao | E5: Thời gian công thực hiện | N5: Ghi chú
E6: =Lương!C7 -> Chuyên gia tư vấn cao cấp QLDA (Trưởng nhóm — Nhóm I) | H6: =Lương!C8 -> Chuyên gia quy trình và pháp lý xây dựng (Chuyên gia QLDA — Nhóm II) | K6: =Lương!C9 -> Chuyên viên soạn thảo và hỗ trợ kỹ thuật (Nhóm IV)
E7: Số người | F7: Số ngày | G7: Số công | H7: Số người | I7: Số ngày | J7: Số công | K7: Số người | L7: Số ngày | M7: Số công
B8: 1 | C8: HẠNG MỤC 1: KHẢO SÁT VÀ ĐÁNH GIÁ HIỆN TRẠNG TOÀN DIỆN
B9: 1.1 | C9: Rà soát 6 quy trình QLDA và bộ biểu mẫu đính kèm; Đối chiếu từng điều khoản với 5 văn bản pháp lý mới (Luật XD 135/2025, các Nghị định hướng dẫn) | D9: Bảng phân tích khoảng cách pháp lý chi tiết (Gap Analysis) | E9: 1 | F9: 5 | G9: =F9*E9 -> 5 | H9: 2 | I9: 5 | J9: =I9*H9 -> 10 | K9: 2 | L9: 5 | M9: =L9*K9 -> 10 | N9: 5 ngày làm việc
B10: 1.2 | C10: Khảo sát thực địa tại Vicem Hà Tiên: Phỏng vấn sâu 5 đầu mối (Ban QLDA, KHTH, Kỹ thuật, Kế toán, Pháp chế); Đánh giá quy trình vận hành thực tế so với văn bản; Khảo sát hạ tầng CNTT (phần mềm, dữ liệu, chữ ký số) | D10: Biên bản khảo sát thực địa; Danh mục điểm nghẽn, bước thừa/thiếu trong luồng CV | E10: 1 | F10: 5 | G10: =F10*E10 -> 5 | K10: 1 | L10: 5 | M10: =L10*K10 -> 5 | N10: 5 ngày (kể cả di chuyển)
B11: 1.3 | C11: Thu thập và xác định yêu cầu nghiệp vụ cho phần mềm QLDA: Xác định danh mục quy trình cần số hóa; Xác định luồng dữ liệu, báo cáo, phân quyền cần thiết | D11: Tài liệu Đặc tả Yêu cầu Nghiệp vụ (BRD) cho phần mềm QLDA | E11: 1 | F11: 5 | G11: =F11*E11 -> 5 | H11: 2 | I11: 5 | J11: =I11*H11 -> 10 | K11: 2 | L11: 5 | M11: =L11*K11 -> 10 | N11: 5 ngày làm việc
B12: 1.4 | C12: Tổng hợp, viết báo cáo khảo sát hiện trạng chính thức; Lập danh mục đầy đủ quy trình cần sửa đổi và ban hành mới | D12: Báo cáo khảo sát hiện trạng chi tiết (phiên bản chính thức); Danh mục quy trình cần sửa đổi/bổ sung | E12: 1 | F12: 5 | G12: =F12*E12 -> 5 | H12: 2 | I12: 5 | J12: =I12*H12 -> 10 | K12: 2 | L12: 5 | M12: =L12*K12 -> 10 | N12: 5 ngày làm việc
B13: 2 | C13: HẠNG MỤC 2: CẬP NHẬT VÀ BỔ SUNG HỆ THỐNG QUY TRÌNH QLDA
B14: 2.1 | C14: Sửa đổi và cập nhật 6 quy trình QLDA hiện có: QT 34 (Tổng thể), QT 35 (Đấu thầu-HĐ), QT 36 (CL Chuẩn bị ĐT), QT 37 (Thực hiện HĐ), QT 16 (Chất lượng ĐTXD), QT 161 (Số hóa-LT); Cập nhật căn cứ PL, bổ sung BIM/CDE, ký số | D14: 6 quy trình QLDA đã cập nhật theo Luật XD 135/2025 và các Nghị định hướng dẫn | E14: 1 | F14: 5 | G14: =F14*E14 -> 5 | H14: 2 | I14: 5 | J14: =I14*H14 -> 10 | K14: 2 | L14: 5 | M14: =L14*K14 -> 10 | N14: 5 ngày LV không liên tục
B15: 2.2 | C15: Xây dựng và ban hành 4-6 quy trình QLDA mới: (1) Quản lý BIM/CDE; (2) Giải quyết tranh chấp HĐ; (3) Quản lý chi phí và rủi ro tài chính; (4) Giám sát, đánh giá dự án định kỳ; (5) Quản lý ATLĐ và môi trường; (6) Bàn giao, bảo hành, BT CT | D15: 4-6 quy trình QLDA mới ban hành theo yêu cầu Luật Xây dựng 2025 | E15: 1 | F15: 5 | G15: =F15*E15 -> 5 | H15: 2 | I15: 5 | J15: =I15*H15 -> 10 | K15: 2 | L15: 5 | M15: =L15*K15 -> 10 | N15: 5 ngày LV không liên tục
B16: 2.3 | C16: Cập nhật và ban hành mới toàn bộ biểu mẫu: Chuyển 100% biểu mẫu sang định dạng điện tử; Cập nhật căn cứ pháp lý; Bổ sung BM theo quy trình mới; Hỗ trợ tích hợp luồng chữ ký số | D16: Bộ biểu mẫu điện tử hoàn chỉnh (đã cập nhật + ban hành mới) | E16: 1 | F16: 3 | G16: =F16*E16 -> 3 | H16: 2 | I16: 5 | J16: =I16*H16 -> 10 | K16: 2 | L16: 5 | M16: =L16*K16 -> 10 | N16: 5 ngày làm việc
B17: 2.4 | C17: Tổ chức tập huấn áp dụng quy trình mới: Đào tạo Ban QLDA, phòng KHTH, Kỹ thuật, Kế toán, Pháp chế; Hướng dẫn vận hành thực tế; Giải đáp thắc mắc sau tập huấn | D17: Buổi tập huấn quy trình mới; Tài liệu hướng dẫn áp dụng từng quy trình | E17: 1 | F17: 2 | G17: =F17*E17 -> 2 | H17: 2 | I17: 2 | J17: =I17*H17 -> 4 | K17: 2 | L17: 2 | M17: =L17*K17 -> 4 | N17: 2 ngày làm việc
B20: Tổng cộng (HM1 + HM2) | E20: =SUM(G9:G17) -> 35 | H20: =SUM(J9:J17) -> 64 | K20: =SUM(M14:M17) -> 34

Sheet Lương
B2: BẢNG 3: BẢNG PHÂN TÍCH CHI TIẾT CHI PHÍ LƯƠNG
B3: HẠNG MỤC 1 VÀ 2: KHẢO SÁT VÀ CẬP NHẬT QUY TRÌNH QLDA VICEM HÀ TIÊN — CIC TƯ VẤN
E4: Đơn vị: Việt Nam đồng
B5: TT | C5: Chức danh chuyên gia | D5: Số lượng | E5: Nhóm chuyên gia | F5: Lương tháng (đồng) | G5: Lương ngày (đồng)
B6: (1) | C6: (2) | D6: (3) | G6: (4)
B7: 1 | C7: Chuyên gia tư vấn cao cấp QLDA (Trưởng nhóm — Nhóm I) | D7: 1 | E7: Kỹ sư cao cấp, chủ nhiệm dự án | F7: 60000000 | G7: =F7/26 -> 2307692.3
B8: 2 | C8: Chuyên gia quy trình và pháp lý xây dựng (Chuyên gia QLDA — Nhóm II) | D8: 2 | E8: Kỹ sư chính, chủ nhiệm bộ môn | F8: 40000000 | G8: =F8/26 -> 1538461.5
B9: 3 | C9: Chuyên viên soạn thảo và hỗ trợ kỹ thuật (Nhóm IV) | D9: 2 | E9: Kỹ sư | F9: 20000000 | G9: =F9/26 -> 769230.77
B10: *Ghi chú: Mức lương tham khảo theo Thông tư 004/2025/TT-BNV ngày 07/5/2025 của Bộ Nội vụ về chế độ tiền lương chuyên gia tư vấn.

Sheet CPK
B2: BẢNG 4: CHI PHÍ KHÁC
E3: Đơn vị tính: đồng
B4: STT | C4: Nội dung | D4: Diễn giải cách tính | E4: Thành tiền | F4: Ghi chú
B5: 1 | C5: Chi phí đi lại, công tác phí (Khảo sát thực địa tại Hà Tiên / TP.HCM) | D5: Vé máy bay khứ hồi + phụ cấp công tác × số ngày khảo sát thực địa (Tạm tính) | E5: 30000000 | F5: Tham khảo giá thị trường
B6: 2 | C6: Chi phí in ấn, văn phòng phẩm (Quy trình, biểu mẫu bàn giao) | D6: In ấn bộ quy trình + biểu mẫu bàn giao chính thức (Tạm tính) | E6: 5000000
B7: 3 | C7: Chi phí khấu hao thiết bị văn phòng (Máy tính xách tay, máy in) | D7: Chi tiết tại Bảng 5 | E7: ='Khấu hao'!J9 -> 3306666.7 | F7: Chi tiết tại Bảng 5
B8: Tổng cộng: | E8: =SUM(E5:E7) -> 38306667

Sheet Khấu hao
B2: BẢNG 5: CHI TIẾT KHẤU HAO MÁY MÓC, THIẾT BỊ
B4: Stt | C4: Danh mục thiết bị | D4: Đơn vị | E4: Số lượng | F4: Đơn giá TB (Đồng) | G4: Thời gian KH (tháng) | H4: Hệ số SD | I4: KH vào dự án (tháng) | J4: Chi phí KH (Đồng)
B6: 1 | C6: Máy tính xách tay | D6: Cái | E6: 4 | F6: 45000000 | G6: 60 | H6: 0.4 | I6: 2 | J6: =E6*F6/G6*H6*I6 -> 2400000
B7: 2 | C7: Máy tính để bàn | D7: Cái | E7: 2 | F7: 30000000 | G7: 60 | H7: 0.4 | I7: 2 | J7: =E7*F7/G7*H7*I7 -> 800000
B8: 3 | C8: Máy in | D8: Cái | E8: 1 | F8: 8000000 | G8: 60 | H8: 0.4 | I8: 2 | J8: =E8*F8/G8*H8*I8 -> 106666.67
B9: Tổng | J9: =SUM(J6:J8) -> 3306666.7
B10: *Ghi chú:
B11: Cách tính khấu hao theo Thông tư 45/2013/TT-BTC ngày 25/4/2013 của Bộ Tài chính.
