Workbook

Sheet TH-TV
B2: TỔNG HỢP DỰ TOÁN CHI CHÍ TƯ VẤN
B3: HẠNG MỤC: TƯ VẤN MÔ HÌNH THÔNG TIN CÔNG TRÌNH
F4: Đơn vị: Việt Nam Đồng
B5: TT | C5: Thành phần chi phí | D5: Diễn giải | E5: Ký hiệu | F5: Giá trị | G5: Ghi chú
B6: 1 | C6: Chi phí nhân công | E6: Ccg | F6: ='NC-TV'!F10 -> 8.2536923e+08 | G6: Bảng 1
B7: 2 | C7: Chi phí quản lý | D7: 55% x Ccg | E7: Cql | F7: =0.55*F6 -> 4.5395308e+08
B8: 3 | C8: Chi phí khác | E8: Ck | F8: =CPK!E11 -> 1.7027167e+08 | G8: Bảng số 4
B9: 4 | C9: Thu nhập chịu thuế tính trước | D9: 6% x (Ccg+Cql) | E9: TN | F9: =6%*(F6+F7) -> 76759338
B10: 5 | C10: Thuế giá trị gia tăng | D10: 8 % x (Ccg+Cql+TN+Ck) | E10: VAT | F10: =(F6+F7+F8+F9)*8% -> 1.2210827e+08
C11: Tổng giá trị sau thuế | D11: Ccg+Cql+TN+Ck+VAT+Cdp | E11: Gst | F11: =SUM(F6:F10) -> 1.6484616e+09
C12: Làm tròn | F12: =ROUNDDOWN(F11,-5) -> 1648400000
B13: *Ghi chú:
B14: 1. Chi phí nhân công: tham khảo mức tiền lương chuyên gia theo quy định của Thông tư số 004/2025/TT-BNV ngày 07/5/2025 của Bộ Nội vụ
B15: 2. Chi phí quản lý: căn cứ vận dụng theo hướng dẫn tại Thông tư số 11/2021/TT-BXD ngày 31/8/2021
B16: 3. Các khoản thu nhập chịu thuế tính trước, thuế GTGT: căn cứ vận dụng Thông tư số 11/2021/TT-BXD ngày 31/8/2021 của Bộ Xây dựng

Sheet NC-TV
B2: BẢNG 1: CHI PHÍ NHÂN CÔNG
B3: HẠNG MỤC: TƯ VẤN MÔ HÌNH THÔNG TIN CÔNG TRÌNH
E4: Đơn vị: Việt Nam đồng
B5: TT | C5: Phần việc thực hiện | D5: Số công | E5: Đơn giá tiền lương | F5: Thành tiền
B6: (1) | C6: (2) | D6: (3) | E6: (4) | F6: (5) = (3) x (4)
B7: 1 | C7: Quản lý BIM của dự án - Chuyên gia nhóm I (BIM Manager) | D7: =SUBTOTAL(9,'NC-CT-TV'!G9:G17) -> 76 | E7: =Lương!G7 -> 1500000 | F7: =D7*E7 -> 114000000
B8: 3 | C8: Điều phối BIM cho dự án - Chuyên gia nhóm II (BIM Coordinator) | D8: =SUBTOTAL(9,'NC-CT-TV'!J9:J17) -> 244 | E8: =Lương!G8 -> 1150000 | F8: =D8*E8 -> 280600000
B9: 4 | C9: Chuyên viên tạo lập mô hình BIM - Chuyên gia nhóm IV (BIM Modeler) | D9: =SUBTOTAL(9,'NC-CT-TV'!M9:M17) -> 560 | E9: =Lương!G9 -> 769230.77 | F9: =D9*E9 -> 4.3076923e+08
C10: Tổng chi phí nhân công Total of labor costs | F10: =SUBTOTAL(9,F7:F9) -> 8.2536923e+08
B11: *Ghi chú:
B12: 1.Đơn giá tiền lương xem Bảng 3: Bảng phân tích chi tiết tiền lương
B13: 2.Chi phí nhân công: tham khảo mức tiền lương chuyên gia theo quy định của Thông tư số 004/2025/TT-BNV ngày 07/5/2025 của Bộ Nội vụ

Sheet NC-CT-TV
B2: BẢNG 2: CHI PHÍ NHÂN CÔNG CHI TIẾT
B3: HẠNG MỤC: TƯ VẤN MÔ HÌNH THÔNG TIN CÔNG TRÌNH
B5: TT | C5: Hạng mục công việc | D5: Sản phẩm | E5: Thời gian (ngày) | N5: Ghi chú
E6: =Lương!C7 -> Quản lý BIM của dự án (BIM Manager) Chuyên gia nhóm I | H6: =Lương!C8 -> Điều phối BIM cho dự án (BIM Coordinator) Chuyên gia nhóm II | K6: =Lương!C9 -> Chuyên viên tạo lập mô hình BIM (BIM Modeller) Chuyên gia nhóm IV
E7: Số người | F7: Số ngày | G7: Số công | H7: Số người | I7: Số ngày | J7: Số công | K7: Số người | L7: Số ngày | M7: Số công
B8: 1 | C8: Giai đoạn chuẩn bị
B9: 1.1 | C9: Lập kế hoạch thực hiện BIM (BEP) cho dự án | D9: Kế hoạch thực hiện BIM (BEP) phù hợp với dự án | E9: 1 | F9: 2 | G9: =F9*E9 -> 2 | H9: 1 | I9: 2 | J9: =I9*H9 -> 2 | N9: 2 ngày làm việc
B10: 1.2 | C10: Hướng dẫn Ban QLDA và các đơn vị liên quan triển khai kế hoạch thực hiện BIM (BEP) cho phạm vi công việc của từng nhà thầu. | E10: 1 | F10: 2 | G10: =E10*F10 -> 2 | H10: 1 | I10: 2 | J10: =I10*H10 -> 2 | N10: 2 ngày làm việc
B11: 1.3 | C11: Thiết lập, đào tạo hướng dẫn sử dụng môi trường dữ liệu chung (CDE) và phần mềm quản lý các vấn đề có trong mô hình BIM | D11: Bộ tài liệu đào tạo về môi trường dữ liệu chung (CDE) và phần mềm quản lý các vấn đề có trong mô hình BIM | E11: 1 | F11: 2 | G11: =F11*E11 -> 2 | N11: 2 ngày làm việc
B12: 2 | C12: Áp dụng BIM trong giai đoạn thiết kế bản vẽ thi công
B13: 2.1 | C13: Xây dựng mô hình BIM giai đoạn thiết kế bản vẽ thi công của dự án (LOD 300-400) | D13: Mô hình BIM theo bản vẽ thiết kế bản vẽ thi công (LOD 300-400) | E13: 1 | F13: 30 | G13: =F13*E13 -> 30 | H13: 3 | I13: 30 | J13: =I13*H13 -> 90 | K13: 8 | L13: 30 | M13: =L13*K13 -> 240 | N13: 30 ngày làm việc không liên tục
B14: 2.2 | C14: Kiểm soát mô hình BIM, báo cáo các vấn đề có trong mô hình BIM cho Ban QLDA và các đơn vị có liên quan | D14: Báo cáo các vấn đề có trong mô hình BIM của dự án | E14: 1 | F14: 15 | G14: =F14*E14 -> 15 | H14: 3 | I14: 15 | J14: =I14*H14 -> 45 | K14: 8 | L14: 15 | M14: =L14*K14 -> 120 | N14: 15 ngày làm việc không liên tục
B15: 2.3 | C15: Cập nhật mô hình BIM theo nội dung phối hợp cùng Ban QLDA, đơn vị tư vấn thiết kế | D15: Mô hình BIM cập nhật | E15: 1 | F15: 15 | G15: =F15*E15 -> 15 | H15: 3 | I15: 15 | J15: =I15*H15 -> 45 | K15: 8 | L15: 15 | M15: =L15*K15 -> 120 | N15: 15 ngày làm việc không liên tục
B16: 2.4 | C16: Trích xuất khối lượng chính phục vụ công tác thẩm định | D16: Báo cáo các khối lượng chính được trích xuất từ mô hình BIM (đảm bảo sự thống nhất giữa khối lượng được trích xuất từ mô hình BIM và hồ sơ thiết kế) | E16: 1 | F16: 5 | G16: =F16*E16 -> 5 | H16: 3 | I16: 10 | J16: =I16*H16 -> 30 | K16: 4 | L16: 10 | M16: =L16*K16 -> 40 | N16: 10 ngày làm việc không liên tục
B17: 2.5 | C17: Làm một số bản vẽ chính được trích xuất từ mô hình BIM phục vụ công tác thẩm định | D17: Bản vẽ được trích xuất từ mô hình BIM (đảm bảo sự thống nhất giữa bản vẽ được trích xuất từ mô hình BIM và hồ sơ thiết kế) | E17: 1 | F17: 5 | G17: =F17*E17 -> 5 | H17: 3 | I17: 10 | J17: =I17*H17 -> 30 | K17: 4 | L17: 10 | M17: =L17*K17 -> 40 | N17: 10 ngày làm việc không liên tục
B18: Tổng (cộng) | E18: =SUM(G9:G17) -> 76 | H18: =SUM(J9:J17) -> 244 | K18: =SUM(M13:M17) -> 560

Sheet Lương
B2: BẢNG 3 BẢNG PHÂN TÍCH CHI TIẾT CHI PHÍ LƯƠNG
B3: HẠNG MỤC: CHI PHÍ TƯ VẤN MÔ HÌNH THÔNG TIN CÔNG TRÌNH VÀ ĐÀO TẠO, NÂNG CAO NĂNG LỰC ÁP DỤNG BIM CỦA BAN QLDA
D4: Đơn vị: Việt Nam đồng
B5: TT | C5: Chuyên gia | D5: Số lượng | E5: Nhóm | F5: Lương tháng | G5: Lương ngày
B6: (1) | C6: (2) | D6: (3) | G6: (4)
B7: 1 | C7: Quản lý BIM của dự án (BIM Manager) Chuyên gia nhóm I | D7: 1 | E7: Kỹ sư cao cấp, chủ nhiệm dự án | F7: 39000000 | G7: =F7/26 -> 1500000
B8: 2 | C8: Điều phối BIM cho dự án (BIM Coordinator) Chuyên gia nhóm II | D8: 3 | E8: Kỹ sư chính, chủ nhiệm bộ môn | F8: 29900000 | G8: =F8/26 -> 1150000
B9: 3 | C9: Chuyên viên tạo lập mô hình BIM (BIM Modeller) Chuyên gia nhóm IV | D9: 8 | E9: Kỹ sư | F9: 20000000 | G9: =F9/26 -> 769230.77
B10: *Ghi chú: Mức lương trên được tham khảo mức tiền lương chuyên gia theo quy định của Thông tư số 004/2025/TT-BNV ngày 07/5/2025 của Bộ Nội vụ.

Sheet CPK
B2: BẢNG 4: CHI PHÍ KHÁC
F3: Đơn vị tính: đồng
B4: STT | C4: Nội dung | D4: Diễn giải cách tính | E4: Thành tiền | F4: Ghi chú
B5: 1 | C5: Chi phí khấu hao thiết bị văn phòng | D5: Máy tính để bàn | E5: ='Khấu hao'!J6 -> 8800000 | F5: Chi tiết tại bảng 5
D6: Máy tính xách tay | E6: ='Khấu hao'!J7 -> 600000
D7: Máy in | E7: ='Khấu hao'!J8 -> 106666.67
D8: Máy photo | E8: ='Khấu hao'!J9 -> 245000
B9: 2 | C9: Chi phí thuê phần mềm bản quyền | E9: ='CP Phần mềm'!G6 -> 1.3052e+08 | F9: Chi tiết tại bảng 6
B10: 3 | C10: Chi phí đi lại để họp điều phối dự án | D10: Tạm tính | E10: 30000000
C11: Tổng cộng: | E11: =SUM(E5:E10) -> 1.7027167e+08

Sheet Khấu hao
B2: BẢNG 5: CHI TIẾT KHẤU HAO MÁY MÓC, THIẾT BỊ
B4: Stt | C4: Danh mục thiết bị | D4: Đơn vị | E4: Số lượng | F4: Đơn giá TB (Đồng) | G4: Thời gian khấu hao (tháng) | H4: Hệ số sử dụng | I4: Khấu hao vào dự án (tháng) | J4: Chi phí khấu hao (Đồng)
B5: (1) | C5: (2) | D5: (3) | E5: (4) | F5: (5) | G5: (6) | H5: (7) | I5: (8) | J5: (9)=4x5/6x7x8
B6: 1 | C6: Máy tính để bàn | D6: Cái | E6: 11 | F6: 60000000 | G6: 60 | H6: 0.4 | I6: 2 | J6: =I6*H6*F6*E6/G6 -> 8800000
B7: 2 | C7: Máy tính xách tay | D7: Cái | E7: 1 | F7: 45000000 | G7: 60 | H7: 0.4 | I7: 2 | J7: =I7*H7*F7*E7/G7 -> 600000
B8: 4 | C8: Máy in | D8: Cái | E8: 1 | F8: 8000000 | G8: 60 | H8: 0.4 | I8: 2 | J8: =I8*H8*F8*E8/G8 -> 106666.67
B9: 5 | C9: Máy photo | D9: Cái | E9: 1 | F9: 24500000 | G9: 60 | H9: 0.3 | I9: 2 | J9: =I9*H9*F9*E9/G9 -> 245000
B10: Tổng | J10: =SUM(J6:J9) -> 9751666.7
B11: *Ghi chú:
B12: Cách tính khấu hao máy móc, thiết bị theo Thông tư số 45/2013/TT-BTC ngày 25/4/2013

Sheet CP Phần mềm
B2: BẢNG 6: CHI PHÍ THUÊ PHẦN MỀM PHỤC VỤ CHO CÔNG VIỆC TƯ VẤN CỦA CHUYÊN GIA
B4: STT | C4: Loại phần mềm | D4: Đồng/năm | E4: Số lượng (phần mềm) | F4: Số ngày | G4: Thành tiền (đồng)
B5: 1 | C5: Bộ phần mềm phục vụ công tác triển khai BIM của nhà thầu: Architecture Engineering & Construction Collection IC Commercial New Single-user ELD Annual Subscription | D5: =2510*26000 -> 65260000 | E5: 12 | F5: 60 | G5: =E5*(D5/12/30)*F5 -> 1.3052e+08
C6: TỔNG CỘNG | G6: =SUM(G5:G5) -> 1.3052e+08
B7: *Ghi chú: Giá phần mềm là giá list được công bố trên website của các hãng phần mềm:
B8: - Gói phần mềm Architecture Engineering & Construction Collection IC Commercial New Single-user ELD Annual Subscription tham khảo tại website:
B9: https://www.autodesk.com/asean/collections/architecture-engineering-construction/overview?term=1-YEAR&tab=subscription
B10: - Môi trường dữ liệu chung (CDE): Google Drive: miễn phí

Sheet Tiến độ
B3: BẢNG 4: TIẾN ĐỘ CHI TIẾT THỰC HIỆN CÁC CÔNG VIỆC
B4: HẠNG MỤC: CHI PHÍ TƯ VẤN MÔ HÌNH THÔNG TIN CÔNG TRÌNH VÀ ĐÀO TẠO, NÂNG CAO NĂNG LỰC ÁP DỤNG BIM CỦA BAN QLDA VÀ MỘT SỐ ĐƠN VỊ LIÊN QUAN
B6: STT | C6: Nội dung | D6: Ghi chú | E6: Thời gian
E7: 1/7 | F7: 2/7 | G7: 3/7 | H7: 4/7 | I7: 1/8 | J7: 2/8 | K7: 3/8 | L7: 4/8 | M7: 1/9 | N7: 2/9 | O7: 3/9 | P7: 4/9 | Q7: 1/10 | R7: 2/10 | S7: 3/10 | T7: 4/10 | U7: 1/11 | V7: 2/11 | W7: 3/11 | X7: 4/11
B8: 1 | C8: ='NC-CT-TV'!$C$8 -> Giai đoạn chuẩn bị
B9: ='NC-CT-TV'!B9 -> 1.1 | C9: ='NC-CT-TV'!C9 -> Lập kế hoạch thực hiện BIM (BEP) cho dự án
B10: ='NC-CT-TV'!#REF! -> #REF! | C10: ='NC-CT-TV'!#REF! -> #REF!
B11: ='NC-CT-TV'!#REF! -> #REF! | C11: ='NC-CT-TV'!#REF! -> #REF!
B12: ='NC-CT-TV'!#REF! -> #REF! | C12: ='NC-CT-TV'!#REF! -> #REF!
B13: ='NC-CT-TV'!#REF! -> #REF! | C13: ='NC-CT-TV'!#REF! -> #REF!
B14: ='NC-CT-TV'!#REF! -> #REF! | C14: ='NC-CT-TV'!#REF! -> #REF!
B15: ='NC-CT-TV'!#REF! -> #REF! | C15: ='NC-CT-TV'!#REF! -> #REF! | D15: Các lần cập nhật theo yêu cầu chi tiết của dự án
B16: 2 | C16: Đào tạo
B17: =#REF! -> #REF! | C17: =#REF! -> #REF!
B18: =#REF! -> #REF! | C18: =#REF! -> #REF! | D18: Thời gian đào tạo cho Nhà thầu theo tiến độ đấu thầu của VPMO
B19: =#REF! -> #REF! | C19: =#REF! -> #REF!
B20: =#REF! -> #REF! | C20: =#REF! -> #REF!
B21: =#REF! -> #REF! | C21: =#REF! -> #REF!
B22: =#REF! -> #REF! | C22: =#REF! -> #REF!
B23: 2 | C23: ='NC-CT-TV'!$C$12 -> Áp dụng BIM trong giai đoạn thiết kế bản vẽ thi công
B24: ='NC-CT-TV'!B13 -> 2.1 | C24: ='NC-CT-TV'!C13 -> Xây dựng mô hình BIM giai đoạn thiết kế bản vẽ thi công của dự án (LOD 300-400)
B25: ='NC-CT-TV'!#REF! -> #REF! | C25: ='NC-CT-TV'!#REF! -> #REF!
B26: ='NC-CT-TV'!#REF! -> #REF! | C26: ='NC-CT-TV'!#REF! -> #REF!
B27: ='NC-CT-TV'!B14 -> 2.2 | C27: ='NC-CT-TV'!C14 -> Kiểm soát mô hình BIM, báo cáo các vấn đề có trong mô hình BIM cho Ban QLDA và các đơn vị có liên quan
B28: 3 | C28: ='NC-CT-TV'!#REF! -> #REF!
B29: ='NC-CT-TV'!#REF! -> #REF! | C29: ='NC-CT-TV'!#REF! -> #REF! | D29: Theo tiến độ thực tế của dự án
B30: ='NC-CT-TV'!#REF! -> #REF! | C30: ='NC-CT-TV'!#REF! -> #REF!
B31: 4 | C31: ='NC-CT-TV'!#REF! -> #REF!
B32: ='NC-CT-TV'!#REF! -> #REF! | C32: ='NC-CT-TV'!#REF! -> #REF! | D32: Theo tiến độ thực tế của dự án
B33: ='NC-CT-TV'!#REF! -> #REF! | C33: ='NC-CT-TV'!#REF! -> #REF!
B34: 6 | C34: ='NC-CT-TV'!#REF! -> #REF!
B35: ='NC-CT-TV'!#REF! -> #REF! | C35: ='NC-CT-TV'!#REF! -> #REF! | D35: Theo tiến độ cụ thể của dự án

Sheet CP xa hoi
B1: B¶ng 5
A3: Chi tiÕt chi phÝ x· héi
A6: STT | B6: Khoản mục chi phí | C6: Cách tính | D6: Thành tiền | E6: Tỉ lệ % | F6: Ghi chú
A7: (đồng) | B7: Tỉ lệ % của | E7: lương cơ bản | F7: Ghi chú
A8: lương cơ bản | B8: Ghi chú
A9: 1 | B9: Kinh phí công đoàn | E9: 0.02 | H9: NĐ 191/2013/NĐ-CP
A10: =1+A9 -> 2 | B10: Bảo hiểm xã hội | E10: 0.18 | H10: 126/BHXH-BT
A11: =1+A10 -> 3 | B11: Bảo hiểm y tế | E11: 0.03 | H11: 126/BHXH-BT
A12: =1+A11 -> 4 | B12: Bảo hiểm thất nghiệp | E12: 0.01 | H12: 126/BHXH-BT
B13: Tổng cộng | E13: =SUM(E7:E12) -> 0.24
