Workbook

Sheet TH-TV
B2: TỔNG HỢP DỰ TOÁN CHI PHÍ TƯ VẤN
B3: HẠNG MỤC 3: XÂY DỰNG PHẦN MỀM QUẢN LÝ DỰ ÁN VICEM HÀ TIÊN — CIC TƯ VẤN
F4: Đơn vị: Việt Nam Đồng
B5: TT | C5: Thành phần chi phí | D5: Diễn giải | E5: Ký hiệu | F5: Giá trị | G5: Ghi chú
B6: 1 | C6: Chi phí nhân công | E6: Ccg | F6: ='NC-TV'!F11 -> 400000000 | G6: Bảng 1
B7: 2 | C7: Chi phí quản lý | D7: 55% × Ccg | E7: Cql | F7: =0.55*F6 -> 2.2e+08
B8: 3 | C8: Chi phí khác | E8: Ck | F8: =CPK!E9 -> 40333333 | G8: Bảng số 4
B9: 4 | C9: Thu nhập chịu thuế tính trước | D9: 6% × (Ccg+Cql) | E9: TN | F9: =6%*(F6+F7) -> 37200000
B10: 5 | C10: Thuế giá trị gia tăng | D10: 8% × (Ccg+Cql+TN+Ck) | E10: VAT | F10: =(F6+F7+F8+F9)*8% -> 55802667
C11: Tổng giá trị sau thuế | D11: Ccg+Cql+TN+Ck+VAT | E11: Gst | F11: =SUM(F6:F10) -> 753336000
C12: Làm tròn | F12: =ROUNDDOWN(F11,-5) -> 753300000
B13: *Ghi chú:
B14: 1. Chi phí nhân công: tham khảo mức tiền lương chuyên gia theo Thông tư 004/2025/TT-BNV ngày 07/5/2025 của Bộ Nội vụ.
B15: 2. Chi phí quản lý: căn cứ Thông tư 11/2021/TT-BXD ngày 31/8/2021 của Bộ Xây dựng.
B16: 3. Thu nhập chịu thuế tính trước và thuế GTGT: căn cứ Thông tư 11/2021/TT-BXD ngày 31/8/2021 của Bộ Xây dựng.

Sheet NC-TV
B2: BẢNG 1: CHI PHÍ NHÂN CÔNG
B3: HẠNG MỤC 3: XÂY DỰNG PHẦN MỀM QUẢN LÝ DỰ ÁN VICEM HÀ TIÊN — CIC TƯ VẤN
E4: Đơn vị: Việt Nam đồng
B5: TT | C5: Phần việc thực hiện | D5: Số công | E5: Đơn giá tiền lương | F5: Thành tiền
B6: (1) | C6: (2) | D6: (3) | E6: (4) | F6: (5) = (3) × (4)
B7: 1 | C7: Project Manager / Kiến trúc sư hệ thống (Trưởng nhóm — Nhóm I) | D7: ='NC-CT-TV'!E21 -> 54 | E7: =Lương!G7 -> 2307692.3 | F7: =D7*E7 -> 1.2461538e+08
B8: 2 | C8: BA & Lập trình viên cao cấp (BA/Senior Dev) (Nhóm II) | D8: ='NC-CT-TV'!H21 -> 94 | E8: =Lương!G8 -> 1538461.5 | F8: =D8*E8 -> 1.4461538e+08
B9: 3 | C9: Lập trình viên và Kiểm thử viên (Developer/Tester) (Nhóm IV) | D9: ='NC-CT-TV'!K21 -> 147 | E9: =Lương!G9 -> 769230.77 | F9: =D9*E9 -> 1.1307692e+08
B10: 4 | C10: Thiết kế viên UI/UX (Designer) (Nhóm IV) | D10: ='NC-CT-TV'!N21 -> 23 | E10: =Lương!G10 -> 769230.77 | F10: =D10*E10 -> 17692308
B11: Tổng chi phí nhân công Total of labor costs | F11: =SUM(F7:F10) -> 400000000
B12: *Ghi chú:
B13: 1. Đơn giá tiền lương xem Bảng 3: Bảng phân tích chi tiết tiền lương.
B14: 2. Chi phí nhân công: tham khảo mức tiền lương theo Thông tư 004/2025/TT-BNV ngày 07/5/2025 của Bộ Nội vụ.

Sheet NC-CT-TV
B2: BẢNG 2: CHI PHÍ NHÂN CÔNG CHI TIẾT
B3: HẠNG MỤC 3: XÂY DỰNG PHẦN MỀM QUẢN LÝ DỰ ÁN VICEM HÀ TIÊN — CIC TƯ VẤN
B5: TT | C5: Hạng mục công việc | D5: Sản phẩm / Kết quả bàn giao | E5: Thời gian công thực hiện | Q5: Ghi chú
E6: =Lương!C7 -> Project Manager / Kiến trúc sư hệ thống (Trưởng nhóm — Nhóm I) | H6: =Lương!C8 -> BA & Lập trình viên cao cấp (BA/Senior Dev) (Nhóm II) | K6: =Lương!C9 -> Lập trình viên và Kiểm thử viên (Developer/Tester) (Nhóm IV) | N6: =Lương!C10 -> Thiết kế viên UI/UX (Designer) (Nhóm IV)
E7: Số người | F7: Số ngày | G7: Số công | H7: Số người | I7: Số ngày | J7: Số công | K7: Số người | L7: Số ngày | M7: Số công | N7: Số người | O7: Số ngày | P7: Số công
B8: 3.1 | C8: Phân tích yêu cầu chi tiết và thiết kế kiến trúc hệ thống: Phân tích BRD từ HM1; Thiết kế kiến trúc tổng thể (N-tier, API-first); Thiết kế CSDL; Xác định tech stack, chuẩn bảo mật và chữ ký số | D8: Tài liệu Thiết kế Hệ thống (SDD); Sơ đồ kiến trúc và ERD; Tech stack & security plan | E8: 1 | F8: 7 | G8: =F8*E8 -> 7 | H8: 2 | I8: 7 | J8: =I8*H8 -> 14 | K8: 2 | L8: 5 | M8: =L8*K8 -> 10 | N8: 1 | O8: 3 | P8: =O8*N8 -> 3 | Q8: 7 ngày làm việc
B9: 3.2 | C9: Thiết kế UI/UX — Wireframe và Prototype tương tác: Thiết kế màn hình 6 nhóm chức năng; Prototype click-through; Rà soát và chỉnh sửa theo góp ý Vicem | D9: Bộ Wireframe & Prototype tương tác (Figma hoặc tương đương); Design system cơ bản | E9: 1 | F9: 3 | G9: =F9*E9 -> 3 | H9: 2 | I9: 3 | J9: =I9*H9 -> 6 | N9: 1 | O9: 7 | P9: =O9*N9 -> 7 | Q9: 7 ngày làm việc
B10: 3.3 | C10: Phát triển Backend & API (5 nhóm chức năng): Nhóm 1: Quản lý danh mục dự án; Nhóm 2: Luồng phê duyệt; Nhóm 3: Quản lý hợp đồng và thanh toán; Nhóm 4: Chất lượng và nghiệm thu; Nhóm 5: Báo cáo và phân tích | D10: API Backend hoàn chỉnh (RESTful); Unit test coverage ≥ 80% | E10: 1 | F10: 20 | G10: =F10*E10 -> 20 | H10: 2 | I10: 15 | J10: =I10*H10 -> 30 | K10: 4 | L10: 15 | M10: =L10*K10 -> 60 | Q10: 15 ngày LV không liên tục
B11: 3.4 | C11: Phát triển Frontend (Giao diện người dùng — 5 nhóm chức năng): Giao diện web responsive cho tất cả màn hình; Dashboard tổng quan điều hành Ban Lãnh đạo; Giao diện mobile-friendly | D11: Ứng dụng web hoàn chỉnh; Dashboard điều hành; Giao diện mobile-friendly | E11: 1 | F11: 16 | G11: =F11*E11 -> 16 | H11: 2 | I11: 15 | J11: =I11*H11 -> 30 | K11: 3 | L11: 15 | M11: =L11*K11 -> 45 | N11: 1 | O11: 10 | P11: =O11*N11 -> 10 | Q11: 15 ngày LV không liên tục
B12: 3.5 | C12: Kiểm thử toàn diện — Integration Test, System Test và UAT: Kiểm thử tích hợp các module; Kiểm thử hệ thống theo kịch bản thực tế; UAT cùng cán bộ Vicem Hà Tiên; Sửa lỗi sau UAT | D12: Báo cáo kiểm thử (Test Report); Danh sách lỗi và trạng thái xử lý; Biên bản UAT có chữ ký | E12: 1 | F12: 5 | G12: =F12*E12 -> 5 | H12: 2 | I12: 5 | J12: =I12*H12 -> 10 | K12: 4 | L12: 7 | M12: =L12*K12 -> 28 | N12: 1 | O12: 3 | P12: =O12*N12 -> 3 | Q12: 7 ngày làm việc
B13: 3.6 | C13: Triển khai (Deploy), đào tạo vận hành và bàn giao: Deploy lên môi trường production; Đào tạo người dùng theo nhóm đối tượng; Bàn giao tài liệu kỹ thuật; Hỗ trợ 30 ngày sau go-live | D13: Hệ thống vận hành chính thức; Tài liệu hướng dẫn sử dụng; Kế hoạch hỗ trợ sau go-live | E13: 1 | F13: 3 | G13: =F13*E13 -> 3 | H13: 2 | I13: 2 | J13: =I13*H13 -> 4 | K13: 2 | L13: 2 | M13: =L13*K13 -> 4 | Q13: 3 ngày làm việc
B21: Tổng cộng | E21: =SUM(G8:G13) -> 54 | H21: =SUM(J8:J13) -> 94 | K21: =SUM(M8:M13) -> 147 | N21: =SUM(P8:P13) -> 23

Sheet Lương
B2: BẢNG 3: BẢNG PHÂN TÍCH CHI TIẾT CHI PHÍ LƯƠNG
B3: HẠNG MỤC 3: XÂY DỰNG PHẦN MỀM QUẢN LÝ DỰ ÁN VICEM HÀ TIÊN — CIC TƯ VẤN
E4: Đơn vị: Việt Nam đồng
B5: TT | C5: Chức danh chuyên gia | D5: Số lượng | E5: Nhóm chuyên gia | F5: Lương tháng (đồng) | G5: Lương ngày (đồng)
B6: (1) | C6: (2) | D6: (3) | G6: (4)
B7: 1 | C7: Project Manager / Kiến trúc sư hệ thống (Trưởng nhóm — Nhóm I) | D7: 1 | E7: Kỹ sư cao cấp, chủ nhiệm dự án | F7: 60000000 | G7: =F7/26 -> 2307692.3
B8: 2 | C8: BA & Lập trình viên cao cấp (BA/Senior Dev) (Nhóm II) | D8: 2 | E8: Kỹ sư chính, chủ nhiệm bộ môn | F8: 40000000 | G8: =F8/26 -> 1538461.5
B9: 3 | C9: Lập trình viên và Kiểm thử viên (Developer/Tester) (Nhóm IV) | D9: 4 | E9: Kỹ sư | F9: 20000000 | G9: =F9/26 -> 769230.77
B10: 4 | C10: Thiết kế viên UI/UX (Designer) (Nhóm IV) | D10: 1 | E10: Kỹ sư | F10: 20000000 | G10: =F10/26 -> 769230.77
B11: *Ghi chú: Mức lương tham khảo theo Thông tư 004/2025/TT-BNV ngày 07/5/2025 của Bộ Nội vụ về chế độ tiền lương chuyên gia tư vấn.

Sheet CPK
B2: BẢNG 4: CHI PHÍ KHÁC
E3: Đơn vị tính: đồng
B4: STT | C4: Nội dung | D4: Diễn giải cách tính | E4: Thành tiền | F4: Ghi chú
B5: 1 | C5: Thuê dịch vụ server / điện toán đám mây (Môi trường Dev, Staging, Production) | D5: Ước tính: 3 môi trường × 1 tháng triển khai (AWS/Azure/GCP — Tạm tính) | E5: 15000000 | F5: Tham khảo giá dịch vụ cloud
B6: 2 | C6: Chi phí đi lại / công tác phí (Demo, UAT và bàn giao tại Vicem Hà Tiên) | D6: Vé máy bay khứ hồi + phụ cấp công tác × 2 lần đi (Demo + UAT) — Tạm tính | E6: 20000000 | F6: Tham khảo giá thị trường
B7: 3 | C7: Chi phí khấu hao thiết bị văn phòng (Máy tính xách tay, máy in của đội phát triển) | D7: Chi tiết tại Bảng 5 | E7: ='Khấu hao'!J9 -> 5333333.3 | F7: Chi tiết tại Bảng 5
E8: =SUM(E5:E7) -> 40333333
B9: Tổng cộng: | E9: =E8 -> 40333333

Sheet Khấu hao
B2: BẢNG 5: CHI TIẾT KHẤU HAO MÁY MÓC, THIẾT BỊ
B4: Stt | C4: Danh mục thiết bị | D4: Đơn vị | E4: Số lượng | F4: Đơn giá TB (Đồng) | G4: Thời gian KH (tháng) | H4: Hệ số SD | I4: KH vào dự án (tháng) | J4: Chi phí KH (Đồng)
B6: 1 | C6: Máy tính xách tay | D6: Cái | E6: 8 | F6: 45000000 | G6: 60 | H6: 0.4 | I6: 2 | J6: =E6*F6/G6*H6*I6 -> 4800000
B7: 2 | C7: Màn hình phụ | D7: Cái | E7: 4 | F7: 8000000 | G7: 60 | H7: 0.4 | I7: 2 | J7: =E7*F7/G7*H7*I7 -> 426666.67
B8: 3 | C8: Máy in | D8: Cái | E8: 1 | F8: 8000000 | G8: 60 | H8: 0.4 | I8: 2 | J8: =E8*F8/G8*H8*I8 -> 106666.67
B9: Tổng | J9: =SUM(J6:J8) -> 5333333.3
B10: *Ghi chú:
B11: Cách tính khấu hao theo Thông tư 45/2013/TT-BTC ngày 25/4/2013 của Bộ Tài chính.
